id_num,first_name,last_name,email,gender,id_char
5808,Aluin,Derl,aderl0@epa.gov,Male,tzs
7652,Vivienne,Roggieri,vroggieri1@chicagotribune.com,Female,sri
3412,Barnebas,Horlick,bhorlick2@umich.edu,Male,fwm
1370,Worth,Boich,wboich3@wikispaces.com,Male,bqt
5169,Nealon,Klein,nklein4@washington.edu,Male,cku
1407,Jacob,Speers,jspeers5@facebook.com,Male,tnx
9288,Paulo,Tipping,ptipping6@parallels.com,Male,xye
8550,Niven,Bester,nbester8@cnn.com,Bigender,eek
3844,Connie,Shearman,cshearman9@yahoo.com,Male,qpu
1397,Hartley,Gaul,hgaula@prweb.com,Male,lik
3776,Maia,Leighton,mleightonb@google.com.hk,Female,vdy
2420,Franzen,Treske,ftreskec@nifty.com,Male,ehs
525,Jada,Garron,jgarrond@cnet.com,Female,duw
3642,Jonathon,Stevings,jstevingse@wsj.com,Male,erq
8608,Syd,Walkden,swalkdenf@xinhuanet.com,Male,zdx
4814,Jazmin,Seabridge,jseabridgeg@amazon.de,Female,zmp
9422,Edan,Berriman,eberrimanh@loc.gov,Male,wob
5007,Annmarie,Kareman,akaremani@multiply.com,Non-binary,eez
5423,Wilona,Ewbank,wewbankj@symantec.com,Female,kor
16,Mack,Dillicate,mdillicatek@joomla.org,Male,vhu
4209,Isabeau,Shapiro,ishapirol@multiply.com,Female,yei
4145,Udale,Goodyer,ugoodyerm@examiner.com,Male,pjz
5734,Kyla,Pieper,kpiepern@psu.edu,Female,ylj
8136,Liam,Elster,lelstero@pcworld.com,Male,bua
4515,Cordie,Nawton,cnawtonp@washingtonpost.com,Male,qms
599,Joanne,Bearward,jbearwardq@stanford.edu,Female,jfe
4580,Swen,Aspole,saspoler@macromedia.com,Male,bpt
4099,Hedi,Cave,hcaves@ibm.com,Non-binary,qgn
1500,Granthem,Millin,gmillint@dagondesign.com,Male,clg
3143,Ethan,Pilley,epilleyu@economist.com,Male,hqn
3967,Calley,Shardlow,cshardlowv@nationalgeographic.com,Female,qus
4407,Elyn,Cuel,ecuelw@lulu.com,Female,bdc
5480,Ruthi,Garretson,rgarretsonx@privacy.gov.au,Female,cyn
8311,Mariya,McIleen,mmcileeny@ebay.com,Female,lbc
9238,Venus,Dondon,vdondonz@admin.ch,Female,btq
5951,Averil,Dellenbach,adellenbach10@cafepress.com,Genderfluid,uum
1923,Filippo,Krugmann,fkrugmann11@baidu.com,Male,qof
1082,Prudy,Mordey,pmordey12@webeden.co.uk,Female,rjj
2025,Amandi,Coppin,acoppin13@dagondesign.com,Female,xvo
4741,Rafe,Insall,rinsall14@google.com.hk,Male,heh
7577,Llywellyn,Houseley,lhouseley7@webs.com,Male,ibz
1741,Wang,Radband,wradband15@ucoz.com,Male,pwv
7925,Keen,O' Mara,komara16@over-blog.com,Male,xui
5591,Birgitta,Woodward,bwoodward17@whitehouse.gov,Female,rxh
2920,Jon,Dockrell,jdockrell18@ycombinator.com,Male,qah
1357,Issy,Dakin,idakin19@army.mil,Female,lex
2916,Rasia,Lafranconi,rlafranconi1a@mapquest.com,Female,qws
8431,Toni,Mullaly,tmullaly1b@bizjournals.com,Female,siq
761,Brander,Dockray,bdockray1c@bluehost.com,Male,eht
3079,Winfred,Feehery,wfeehery1d@unc.edu,Male,fyb